original_message,summary,카테고리,감성,전체 감성
"아직 남아있는 4월의 일상들 모아모아
최후의 만찬을 즐기는 30대 직장인 4월 일상 시작해볼게요
사실 5월에도 최후의 만찬을 즐기기는 했지만 ㅎㅎ
DAY 1
수요일은 진즈와 데이트하는날
멀리서 멀리서 멀리서~ 그대가 오네요~🎵
맛있는 밥 먹고 카페 가고 집까지 걸어가기 성공
DAY 2
사랑스러운 옆집 조카 만나는날
진짜 이모 심장 그냥 뿌셔 다 가져 나를 가져
성호가 맘마도 줘보고
남은 분유는 엄마 품에서 마저 먹고
트름도 하고 그렇게 잠들기까지
안 귀여운게 1도 없음👶🏻
1차는 치킨에 화요 먹고
2차는 물회에 참치 들어갑니다
하이볼도 타주는 주인장
화요 먹고 소주 먹고 하이볼 먹고
다 먹어
그렇게 본인이 분유 먹은거마냥
분유병 안고 주무시는분ㅋㅋㅋㅋㅋㅋㅋㅋ
인상펴고 집에 가야지ㅋㅋㅋㅋㅋㅋㅋㅋㅋㅋㅋㅋㅋ
DAY 3
주말이니까 아침 요거트 먹으면서 책 읽으면서 하루 시작
오후에는 잰 청첩장 파티에 또 참석
대학 시절의 추억을 떠올리며 코다차야 방문
오랜만에 대학동기들 완전체 모였잖아🥂
할말 많음 이슈로 생각보다 음식 많이 못 먹었다 생각했는데
뭘 자꾸 시키기는 했네 우맄ㅋㅋㅋㅋㅋㅋㅋㅋ
#코다차야 #종각코다차야
셀카 찍을 타임입니다
모두 여기 보세요📸
잰 결혼식날 봐🎎
그렇게 마무리 되었지만
나 송비글 또 어디론가 갑니다
종각에서 다른 청첩장 모임 하고 있던 곳에 방문
족발집에 왔는데요
짠 - 짠🍻
2차 시작해봅니다
여기 종각 국찌족발
지나가다가 그냥 들어간곳인데
맛있음👍🏻
#국찌족발 #종각국찌족발
노지랑은 영통하기
귀여운 커플이야
그리고 3차로 노래방 왔는데욬ㅋㅋㅋㅋㅋㅋㅋ
성호는 그런데 왜 맨날 자고 있는건뎈ㅋㅋㅋㅋㅋㅋㅋ
이 포스팅에서만 벌써 2잠
그리고 이때가 몇시더라,,, 동 트기 몇 시간전
달래해장으로 4차 왔습니다
#달래해장 #종각달래해장
결국 4시인가 송주도 기절Zzz
이러고 첫차 타고 집에 가는 엔딩ㅋㅋㅋㅋㅋㅋㅋㅋㅋ
30대에 술 마시다가 첫차 타고 집에 가는
직장인 어떤뎈ㅋㅋㅋㅋㅋㅋㅋㅋㅋㅋㅋ
DAY 4
다음날 다행히 숙취 없고
분명 아침에 집에 들어갔는데
또 나온 나 ㅋㅋㅋㅋㅋㅋㅋㅋㅋㅋ
밖순이의 삶이란
경동시장 투어 하고
줄서서 먹는 도너츠랑 꽈배기는 못 참지
...","4월 일상, 데이트, 조카, 치킨, 화요, 하이볼, 요거트, 청첩장 파티, 대학동기, 종각, 족발, 노래방, 해장, 첫차, 숙취, 경동시장, 도너츠, 꽈배기","일상, 데이트, 가족, 음식, 모임, 술, 시장","일상: 긍정, 데이트: 긍정, 가족: 긍정, 음식: 긍정, 모임: 긍정, 술: 긍정, 시장: 긍정",긍정
"있잖아 뭘해도 타이밍이 안맞고 일진이 안좋은 날
이 날이 그런 날이었지..

우리동네 이제 수선집 하나도 없는거 실화냐

친구가 화장하는 것좀 알려달래서 같이 올영 탈탈 털어버렸다 ㅎㅎ
립글로스 바르면 통통한 얼굴이 더 통통해보여서 잘 안바르는데
(볼살이 많은 경우 글로시립을 하면 하관이 부각됨)
이건 볼살이 없는 친구한테 잘어울려서 사라고 했다 ㅋㅋ

뉴-스커트 입어보기
다 똑같아 보이겠지만 회색치마 저런거 세개 있다구요.

거의 짱구 아니냐며 

서촌 도취 
맛은 있는데 어딘가 살짝씩 부족한?
솔루션 해주고싶네

#레종데트르
서촌 레종데트르 

​
여기는 한 네다섯번째 온 듯 ㅎㅎ
레종데트르 타르트 진짜 진짜 너무 맛있다ㅠㅠ💚
나도 돈 많아서 종류별로 다 시켜서 먹고싶다…
집에 갈 때 포장도 몇개 하고…

올리브영에서 산 친구의 화장품들..
저거 다 내가 골라줌 ㅎㅎㅎ

내가 평소에 하고 다니는 화장법 비슷하게 가르쳐줬당 ㅎㅎ
완전 마음에 든다며 좋아해서 뿌듯 *^__^*

스쿠퍼젤라또는 서촌에 갈 때마다 사먹는 아슈큼 맛집🍦
갠적으로 스쿠퍼젤라또는 초콜릿 맛이랑 리조쌀 맛이 맛있는 듯

마음에 드는 선글라스 발견..😎
가격도 안비싸서 살까 하다가 일단 고민 더 해보기로!
20만원➡️16만원으로 할인기간 며칠 안 남았대서 마음이 촉박

서촌에서 경복궁으로, 경복궁에서 서촌으로 걷기
이동네는 걸어다니면 기분이 참 좋아진다 

정샘물 쌤도 봤음
파운데이션 잘 쓰고 있어여—!

종로 야장 가려고 기껏 걸었는데 만석 실화??
무슨 들어갈 수 있는 가게 자체가 없었다…
방구석 찐따는 이런 상황이 당황스러웠고요..
결국 배회하다가 빈자리 난 곳 찾아서 냅다 달려감!

술을 잘 안드시는 친구 덕에 혼자 마시기 그래서 두잔먹고 일어나기,,
감튀모듬은 두번이나 시켜먹었,,
내 주변 여자인 친구들은 모두 소식좌들이라 만나면 나도 조신한척 해야할 것만 같다…. (이러고 집가서 맨날 배고픔) 

.....(생략)


","타이밍 불운, 수선집 없음, 친구 화장품 구매, 서촌 도취, 레종데트르 타르트, 스쿠퍼젤라또, 선글라스 할인, 경복궁 산책, 종로 만석, 소식좌 친구들","타이밍, 수선집, 화장품 구매, 서촌 도취, 레종데트르 타르트, 스쿠퍼젤라또, 선글라스 할인, 경복궁 산책, 종로 만석, 소식좌 친구들","타이밍: 부정, 수선집: 부정, 화장품 구매: 긍정, 서촌 도취: 긍정, 레종데트르 타르트: 긍정, 스쿠퍼젤라또: 긍정, 선글라스 할인: 긍정, 경복궁 산책: 긍정, 종로 만석: 부정, 소식좌 친구들: 중립",긍정
"유난히 많은 사람들과 함께 한 주.

예전에는 Power E 라고 생각했는데
요즘은 E와 I 의 경계에 있을때가 많은것 같다.

​어디서든 경험자라 내가 할 수 있는 일이 많아서 기쁜일이지만, 비움과 채워짐의 시간도 필요하다고 느낀다.

​못하는건 도움을 구하고
끝낼수있는건 버리고 
집중해야할 일을 골라내는 시간이 필요하다.

​그렇지 않으면 전력질주하다가 
힘들어서 중요한것까지 놓칠것 같아서 이다.

​할일을 나열하고
우선순위를 정해보자.

​꼭 지금 해야하는 일을 놓치고 있진 않나?
나를 점검하는 시간을 꼭 가져보자.

​쓸데없는 시간을 보내면서 스트레스 풀려고 하지말고, 버려지는 시간도 잘써보자.
도파민의 노예가 되지말고 
생명으로 채워지자. 
지금 순간순간이 지나가는게 아까운 요즘이다.

​시간아 멈추어다오♡

#필사기록 #성경필사 #일상기록 #충전필요 #우선순위정하기 #생명만이필요해 #호흡하자 ","경계, 비움과 채워짐, 우선순위, 점검, 시간 활용, 생명, 충전 필요","경계, 비움과 채워짐, 우선순위, 점검, 시간 활용, 생명, 충전 필요","경계: 중립, 비움과 채워짐: 긍정, 우선순위: 긍정, 점검: 긍정, 시간 활용: 긍정, 생명: 긍정, 충전 필요: 긍정",긍정
"화명동에 드디어 라멘집이 생겼다
라멘 먹으러 항상 덕천까지 갔었는데
이제 그럴 필요가 없어졌네?!
#류센소

류센소는 기본 간이 짜다해서
간 약하게 주문하고 먹었음 ㅎㅎㅎ 맛있오

최강야구 직관 보러가기 힘드네🤦‍♀️

결혼 4주년 기념으로 점심은 거하게
#길세이로무시

남편이 찍은 사진 중 제일 멀쩡한 사진

수플레에 빠져서 봉리단길까지 갔다
또 먹고싶다
#사계

올해도 역시나 사진 찍었다
내년에는 삐용이랑 같이ㅎㅎㅎ 기대된다

소화시킬 겸 마트 가서 삐용이 옷 사고
탑텐 1+1하고 있어서 내가 입을 티셔츠 4개 샀음

저녁은 간단하게 시리얼과 참외

출근이구여
이제 너무 더워서 걷는것도 힘듦

혼밥으로 곰탕
더워서 멀리 나가기 싫어

퇴근하고 집에 오니깐 놓여있는 꽃과 편지
그러나 남편은 없음......

저녁은 과일
복숭아 먹고싶어요

오전 수업 없어서 대청소하고
점심으로 햄버거
#왓더버거

퇴근하고 저녁은 또 과일
복숭아 드디어 먹는다🍑

엽이 결혼하는 날
통창 이쁜데 덥다😂
#트리폰즈하우스

선영이가 선물로 준 애착인형🩵

저녁은 또 과일
키위 먹으니깐...화장실 가게 해주세요ㅠㅠ

당일까지 열심히 취소표를 노려봤지만
내 자리는 없네😭

대기번호까지 있다니 정말 충격이야

취소표 포기하고 저녁에 닭갈비
닭갈비 오랜만에 먹으니 맛있군
#춘천한방닭갈비","라멘집, 덕천, 류센소, 최강야구, 결혼기념, 길세이로무시, 수플레, 봉리단길, 사계, 삐용이 옷, 탑텐, 시리얼, 참외, 출근, 더위, 곰탕, 꽃, 편지, 복숭아, 대청소, 햄버거, 왓더버거, 엽이 결혼, 트리폰즈하우스, 애착인형, 키위, 취소표, 대기번호, 닭갈비, 춘천한방닭갈비","라멘집, 덕천, 류센소, 최강야구, 결혼기념, 길세이로무시, 수플레, 봉리단길, 사계, 삐용이 옷, 탑텐, 시리얼, 참외, 출근, 더위, 곰탕, 꽃, 편지, 복숭아, 대청소, 햄버거, 왓더버거, 엽이 결혼, 트리폰즈하우스, 애착인형, 키위, 취소표, 대기번호, 닭갈비, 춘천한방닭갈비","라멘집: 긍정, 덕천: 긍정, 류센소: 긍정, 최강야구: 부정, 결혼기념: 긍정, 길세이로무시: 긍정, 수플레: 긍정, 봉리단길: 긍정, 사계: 긍정, 삐용이 옷: 긍정, 탑텐: 긍정, 시리얼: 중립, 참외: 중립, 출근: 부정, 더위: 부정, 곰탕: 중립, 꽃: 긍정, 편지: 긍정, 복숭아: 긍정, 대청소: 긍정, 햄버거: 긍정, 왓더버거: 긍정, 엽이 결혼: 긍정, 트리폰즈하우스: 긍정, 애착인형: 긍정, 키위: 부정, 취소표: 부정, 대기번호: 부정, 닭갈비: 긍정, 춘천한방닭갈비: 긍정",긍정
"주말이 날아갔다...
지난주에는 무얼 했던가 ..?

​토요일에는 외할머니 생신 모임하러 갔다가
모처럼 종로까지 나간 김에 그냥 집에 가긴 아쉬워서 
울 엄마아빠 + 동생 + 울 부부 함께 2차를 갔다!
#천년동안도 

와 십여 년 전에 대학로에 있던 천년동안도에 갔었는데
낙원상가 옆에도 생겼구나... 아 세월아

​이 동네에 자리를 잡은 것도 신기했는데
(아마 옆 낙원상가 때문일까?)
안에는 젊은 사람들로 꽉 차 있어서 더 놀라웠다

​와 확실히 코앞에서 보는 공연은 다르다 달라
너무 신났다! 🎷🎺🎸🥁

인당 15,000원의 입장료 겸 공연관람비가 있었고
가볍게 곁들일 와인과 피자를 주문했다

​오.. 피자 맛집인 천년동안도...🍕

패스츄리 도우 치트키 아닌가요..?

​공연 마치고 부모님, 동생과 바이바이 하고 
남편하고 좀 더 오바를 해서 3차를 ... 🤣

남편이랑 이런 야장엔 처음 함께 가봐서 신이 났다!

그냥 아무 막걸리집이나 들어갔다가 사장님께 우리 3차라고 자랑스럽게 말씀드리니까
사장님이 여긴 다들 6-7차 가신다고 쿨내 풀풀 ㅋㅋㅋ

남편 생일 케이크 픽업하러 메리어트에도 잠시 들렀다

생일 밥도 차리고..🫣❤️❤️

어머님이 미역국과 갈비를 보내주셔서 어머님표 음식으로 한 번 하고, 내가 끓인 미역국+유린기+잡채로 원모어타임 !! ㅎㅎ^ㅁ^

슈렉같이 생긴 피스타치오 무스케이크도 시식~~🎂

생긴 건 좀 특이하지만 ^^;
부드러운 피스타치오 무스 + 안에는 상큼한 카시스 젤리 + 단단한 타르트지로 식감의 재미까지 더한 이 조합

​막 달지도 않고 아주 맛났다 
케이크 잘 안 먹는 나도 2조각이나 먹었으니 💚💚

​미역국은 나는솔로 영호가 정숙에게 끓여준 미역국 레시피가 떠서 따라 해 봤는데 맛있긴 하더라..ㅋㅋ
된장 반 스푼이 킥인 것 같은데 오 진짜 맛도리 인정!!!

근데 이 영상이 올라온 것은 현대엔지니어링 인스타라는 것 ㅋㅋㅋㅋㅋ 기회를 놓치지 않고 회사 홍보용으로 써버리는..ㅋㅋㅋㅋ

잡탕 오분전인 나의 주간일기
이번 주 뉴 쇼핑템으로는 수건이 있습니다!!
#디어리얼

#유리하다 유투브 보고 영업당한 디어리얼 수건 🙂‍↔️
마침 더현대에서 팝업하고 있길래 구입해 보았다
바로 세탁해서 사용해 봤는데 흡수력 괜찮고 부들🤎

하지만 역시 #뫼베 수건이 최고같다...
비싼 것 빼곤 완벽한 넘사벽 수건(내돈 주곤 아직 못삼)

밤에 산책할 겸 종종 한강에 나가는데
이젠 밤에도 너무 더워서..😓 
걷다 보면 맥주 유혹이 엄청나다

​저 쪼매난 컵의 기린이 7천 원 ㅠㅠ ..
더워 죽겠던 와중에도 옆 사람들 라면이 젤 부러웠다...

지난번에 피양옥에서 어복 배달시켰다가 실망해서
#청간막국수 에서 주문했는데 탁월한 선택이었다
가격도 더 저렴해서 이제 여기서 쮹 시키기로!

​더위 먹은 것마냥 기진맥진 통 기운 없었는데
어복쟁반 먹으니까 그래도 힘이 좀 나는 기분 💪🏻

골골대고 누워 있다가 어복쟁반 먹고 기력 생겨서 
급 술상 차려서 2차ㅋㅋ

gs편의점 갔는데 티냐넬로가 왜 여기에...?
우리나라 편의점 엄청나다 ㄷㄷㄷ

카와이...🖤🤍🖤

​워머나.. 벌써 6월 셋째 주..

눈 감았다 뜨니까 상반기 다 지나간 기분

남은 2주 아쉬움 남지 않게 잘 마무리하고 좀 더 발전적인 하반기를 맞이해야겠다(!!!) (과연)

​그럼 오늘의 일기는
여기서 끝","외할머니 생신 모임, 종로 2차, 천년동안도 공연, 피자 맛집, 남편과 3차, 남편 생일 케이크, 어머님표 음식, 피스타치오 무스케이크, 미역국 레시피, 현대엔지니어링 인스타, 디어리얼 수건, 한강 산책, 맥주 유혹, 청간막국수, 어복쟁반, 티냐넬로, 6월 셋째 주, 상반기 마무리.","모임, 공연, 음식, 생일, 쇼핑, 산책, 음료, 배달, 편의점, 시간","모임: 긍정, 공연: 긍정, 음식: 긍정, 생일: 긍정, 쇼핑: 긍정, 산책: 부정, 음료: 부정, 배달: 긍정, 편의점: 긍정, 시간: 중립",긍정
"벌써 6월
올해의 반절을 향해가네

​날씨도 제법 더워져서 긴팔도 살짝 덥게 느껴지는터라
옷차림도 참 애매한 시기인 것 같고. 
각설하고 일요일을 마무리하며
이번 주 열심히 일하고 놀았던 일상 시작 🤍

이번 주는 잔금 대출 몰려있는 주라 너무 바빴다 
시장도 좋지 않고 사고가 많은터라 
추가로 받아야 할 서류도 많았고 
혹시나 저번처럼 지적되는 부분이 없을까 조마조마 했던 한 주

원래 시2는 거의 안다는데
30일자에 나가야하는 건수가 많아서 시간외까지 추가로 달고
거의 8 to 8으로 일했다 
아무튼 바빴지만 다행히도 사고 없이 넘어간 것에 한숨 돌렸고

팀 언니랑 먹었던 김치닭도리탕... 맛있어 🤍

식욕 돋아서 스팸까지 추가하고
영혼이 나갔던 한 주였지만 이때만큼은 힐링...🤍ㅋㅋㅋㅋㅋ

그리고 드디어 새로운 헬스장 가는 날 
밥 안먹고 가도 됐는데 굳이 배고파서 가는 길에 빵 사머금,,,,

나름 즉흥 성격인 편이라 
방문도 안해보고 결제한터라 살짝 걱정했는데
오 생각보다 괜찮은걸,,,,?

맘에드는 포토스팟 
저번에 산 상의가 생각보다 너무 짧아서 아쉬웠지만
그래도 오랜만에 새로운 시설에서 운동하니 좋아서 
열심히 하고 왔다

아직은 제법 써볼만한 안마의자도 하고
나중엔 여러 사람 쓰면 때 타려나,,, 

인스타 릴스보다가 같은 30대로서 짠했던 장면
나같아도 면전에서 저런말 들으면 속상할거 같았다
나이들수록 F의 감정이 생기는 중,,, 

이것도 팀 언니랑 먹었던 청년다방
이번에는 오랜만에 마라로제 아니고 일반

튀김 순대 기가 막힌다 정말 
역시 튀긴게 너무 맛있어

그리고 지난주 우당탕 했지만
#판교팬케이크하우스 다녀왔다 
평일 늦은 시간이라 웨이팅 없이 먹을 수 있었고
3장 말고 6장 하길 너무 잘했던 팬케이크 

나름 건강 식단이랍시고 픽한 치킨텐더 샐러드
이조차도 단짠 그 자체였지만 맛있었다

판교 파리바게트는 이런것두 있네

호감샌드는 진짜 무엇인지,,,
이것도 1인 5박스 구매가능하답니다,,, 
상상가는 맛 (마음샌드)이지만 귀엽긴 하다 

#판교콜렉티보 

그리고 또 팀 언니랑 온 보영만두

밀키트도 나왔던데 궁금한 맛 

극 S 모임의 현실적인 대화 ㅋㅋㅋㅋㅋㅋㅋ
너무 극 현실주의라 인생 훨씬 더 산 언니들 같았던 순간
짜란다 ! 

이 날은 회식을 해꾸여 
소고기 무진장 먹었는데 그만큼 술도 간만에 많이 마셨다
1차에서 못빠져서 2차까지 마무리한 날 ㅠ🥹

이번 편 오랜만에 1화 보고 안봤는데
봐야겠는걸,,,,? ㅋㅋㅋㅋㅋㅋㅋㅋㅋ

해장커피 

그리고 해장 점심 
숙취로 영혼 나가고 목소리도 안나오고 집에 가고 싶었던 날,,,,

그래서 집에와서 햄버거로 2차 해장함 ㅋㅋㅋ

원래같았으면 집에서 뻗어있었을텐데
이상하게 운동을 가야할 거 같아서 다녀옴 
물론 런닝머신은 뛰지 않고 걸었지만 ㅋㅋㅋㅋㅋㅋ

주목적 = 안마의자

운동복 상의 내 복부를 커버하기엔 역시나 짧다,,,,

강민경 유튜브 요즘 운동 자극짤로 제격,,, 
강민경도 운동하는데 ㅠ 자극받자 ㅌㅋㅋㅋ

이건 확실히 공감했다
늘 예민했던 위생 부분은 여전히 예민하고 ㅋㅋㅋ

​이전에는 상처받아도 애써 웃어넘겼을 말들에
이젠 심기가 불편해지거나 마음이 상하기도 하고 
깐깐한 어른이 되고 싶지 않지만 난 깐깐해지는 중🥹
근데도 이렇게 사는게 맞다는 생각이 드는거 보니 이미 깐깐해짐,,

오랜만에 약손명가
요즘 퇴근 후 일상 + 주말일상이 거의 약속 위주다 보니 
정말 오랜만에 예약해서 다녀왔다 
전날 운동해서 그런지 유독 아프고 ? 시원했던 날 

​주말에는 이상하게 땡겼던 홍익돈까스 오랜만에 다녀왔다
한동안 꽂혀서 열심히 갔는데 오랜만,,,🤍

역시나 K스러운 맛이지만 그게 더 끌렸고

가고 싶었던 서울숲 가는 길

근데 내리자마자 주차할데도 없고
날도 덥고 벌레도 많고 갑자기 짜증 폭발해서
또 우당탕탕,,,,, 미안해 🥹

그래도 날씨는 좋네 !

아침에 추억의 63 아쿠아리움이 문 닫는다는 내용을 봐서
부랴부랴 갔는데,,,,

티켓 사고보니 이미 입장 마감이라 취소,,,
우린 뭐한걸까 🤔 그나마 주차비가 얼마 안나와서 다행 ㅠ

서울숲에서 우당탕 했기때문에 
반포 한강공원으로 피크닉 두번째 도전 
한강 걸어가기는 처음이네

날도 좋고

노들섬 분수? 쇼도 보고

그렇게 노래부르던 한강라면 성공 🤍
짭짤하다,,, 분명 먹다가 벌레 몇마리 먹었을테지만
맛있게 국물까지 클리어

피크닉하고 훈훈하게 ? 마무리

일요일에는 지은 언니 결혼식 가러 오랜만에
월드컵경기장 다녀왔다

회사 퇴사하면서 이전만큼 연락을 잘 하지는 못했지만 
이전에 언니랑 고민도 많이 나눴고 아무튼 공감대가 많았던,,!
좋은 사람 만나서 넘 축하해 🤍

ㅋㅋㅋㅋㅋㅋ내가 더 잘 아는 결혼식,,,

결혼식 같이 가준 오빠랑
전 직장 어른들 마주칠까 조마조마해서 
식장에서 밥은 못먹고 광교 앨리웨이에서 밥 먹기로 했다

이번 여름 원피스 중에 제일 잘 샀다 !

#오테이블 이전에는 맛있게 먹었던 것 같은데
오늘따라 우리 입맛이 문제였는지 살짝 자극적이었다

그래도 비쥬얼은 최고네

올영 세일도 구경하고

용인자작나무숲에 새로 생겼다는 
신상 카페 #배툴라카페

사람 많을 줄 몰랐는데 정말 많아서 
사실 또 짜증남 🥹 옷도 불편하고 덥고 구두 신어서 
흙밭 주차장 걷는게 거슬렸다고 핑계를 대보쟈 ㅠ ㅋㅋㅋ

그래도 뷰 좋았고

용인에 이런 뷰가 있었다니
왜 가족단위가 많았는지 이해할 수 있었다 
귀여운 아가들도 넘 많아서 시각 힐링 🤍

카페 입장하려면 입장료를 따로 내야하고
요즘 사람이 많아서 그런지 커피 나오기까지는 30분 정도 걸린다
(주말 기준)

동탄 롯백와서 간단하게 밥먹꾸

#그녀가죽었다 리뷰
기대 안하고 봤지만 간만에 재밌게 본 영화 
얼른 마무리하고 주말 정리해야지
다음주도 6월도 행복하게 🤍

​#일상 #6월일상 #일상블로그 ","더운 날씨, 바쁜 일상, 김치닭도리탕, 헬스장, 팬케이크, 치킨텐더 샐러드, 보영만두, 소고기 회식, 해장커피, 홍익돈까스, 서울숲, 한강 피크닉, 결혼식, 광교 앨리웨이, 배툴라카페, 영화 '그녀가 죽었다'","날씨, 일상, 음식, 운동, 피크닉, 결혼식, 영화","날씨: 중립, 일상: 긍정, 음식: 긍정, 운동: 긍정, 피크닉: 긍정, 결혼식: 긍정, 영화: 긍정",긍정
"2024년 6월 17일


2023년 8월 즈음에 시작해 2024년 1월 27일에
마무리한 나의 바디프로필 여정
약 4개월이라는 시간 동안 처음으로 다이어트에
성공이라는 마침표를 찍고, 내 모습과 내 자신에게
만족함을 느끼던 찰나 너무 방심했던 건가?
유지도 잘 못했고 되려 체질이 망가져서 
폭식증, 피부면역이상, 탈모, 생리불순 등 
후유증이 찾아오기 시작했다.

​13kg를 빼고선 다시 2-3개월만에 
13kg를 다시 찌웠다
아 물론 그 전의 몸 보단 라인도 예쁘고
근육량도 늘었지만 그래도 허탈함을 감출 수가 없더라.

​예정에도 없던 2번 째 바프를 준비하면서
더 스트레스를 받은 것 같다.
바프용 다이어트는 생각보다 고되다.
작년의 4개월보다 더 힘들게 느껴졌던 건
내 몸에 찾아온 각종 이상증상들
그걸 이겨내는 게 이전보다 더 힘들었다.

​새롭게 시작
여름도 오고 있겠다 그래, 한 번 했는데 뭐가 어렵다고! 다시 마음을 잡고 다이어트를 시작한다.
​
제일 문제는 아무래도 식단인데
최근에 재밌는 레시피를 찾았다.

""당근라페""

두부 계란지단

당근라페를 대용량으로 만들었는데
만드는데 정신 팔려서 아쉽게 찍어두질 못했다.
당근만 대략 7통 들어간... 
처음에 소금 양 조절을 잘못해서 너무 짜더라
간을 맞춘다고 당근을 4통이나 더 썰어 넣었다.
손목과 맞바꾼 내 라페

원래는 두부를 면보에 감싸서
물을 쫙 빼낸다음에 지단을 만들어야 하는데
나는 그런 거 모르겠다.
원래 요리는 레시피없이 뚝딱뚝딱 하는 것!
이런 두부계란 지단을 여러 장 만들고나서 식히고 나면
김이나, 감태같은 걸로 돌돌 말아주면 된다.

​이렇게 해서 대충 돌돌돌 말아주면 
언뜻보기에 꽤 괜찮은 모양의 라페김밥이 만들어진다.
모양 예쁘게 만드는 분들은 얼마나 요리를 잘하시는걸까

이 정도면 솔직히 괜찮은 편 아닐까
혼자 만들어놓고 고개를 끄덕끄덕.. 이곳저곳 자랑했다.
아마 계속 만들다보면 늘지 않을까?
이렇게 서툰 시작도 꽤 괜찮다.
원래 김밥 자체를 만들 줄 몰랐잖아
지단도 처음에는 얼마나 못만들던지 다 터뜨렸다

라페를 한 솥을 만들어서
당분간 내 점심 도시락은 당근라페 김밥일 듯

이럴거면 토끼로 태어날 걸

#당근라페
#요리
#당근라페김밥
#다이어트식단
#다이어트레시피
#다이어트음식
#키토김밥
#키토다이어트
#저탄고지
#저탄고지도시락
#직장인도시락
#점심메뉴
#도시락메뉴
#다이어트
#식단
#건강음식
#계란음식
#두부요리
#계란두부요리
#당근효능
#당근
#건강요리
#바디프로필준비
#바프준비
#레시피
#레시피공유
#유치원도시락
#아이도시락
#반찬레시피
#반찬
","바디프로필, 다이어트 성공, 후유증, 폭식증, 피부면역이상, 탈모, 생리불순, 체중 증가, 스트레스, 다이어트 재시작, 당근라페, 두부 계란지단, 라페김밥, 다이어트 식단, 건강 음식, 레시피 공유","바디프로필, 다이어트 성공, 후유증, 체중 증가, 스트레스, 다이어트 재시작, 요리, 다이어트 식단, 건강 음식, 레시피 공유","바디프로필: 긍정, 다이어트 성공: 긍정, 후유증: 부정, 체중 증가: 부정, 스트레스: 부정, 다이어트 재시작: 긍정, 요리: 긍정, 다이어트 식단: 긍정, 건강 음식: 긍정, 레시피 공유: 긍정",긍정
"올 해 목표한 것이 몇 가지 있다.
​

1. 운동(웨이트)
: 다이어트 아님.
정말 득근해서 머슬언니되고
체력천재 되고 싶을 뿐 
​
2. 영어(대화)
: 영어로 말이 하고 싶다.
영어 과외 5개월차인데
시작 때 그런 말을 했다.
영어 문맹이어도 상관없으니
말로 하고 싶다 라고.

1번에 대한 이야기는 언젠가로 넘겨두고
영어를 공부하긴 싫었다.
​
그걸 뭘 또 공부해 라는 마음이 있었고
그보다 앞선 이유는 공부라는 방법이 
틀렸다고 생각했기 때문이다. 
​
읽고 쓰고 외운다고 해서 말이 나오는 사람은
아니었으니 나에겐 틀린 방법이었다.

우연히 완전 아가 조카와 몇개월 같이 살면서
언어는 공부가 아닌 습득이라는 것을 깨달았고
6개월, 1년으로 될 일도 아니라는 걸 알았다.

​
해서 내가 선택한 방법은
영어가 난무하는 환경에
내 귀를 던져 놓는 것이었다.

나는 어떤 시험을 봐도
읽어 푸는 문제는 그다지 틀리지 않았고
들어 푸는 문제는 맞는게 별로 없었닼ㅋㅋ
그만큼 못했고, 때문에 잘하고 싶은 섹션이다.

첫 수업을 하고
공부는 어떻게 해요-? 라고 선생님께 물었을 때
선생님은 공부하지 말고 영상 보세요 라고
하셨는데 그 대답이 정말이었다.​

일을 하면서도 마음에 드는 미드를 들었고
출퇴근 시간에도 그랬다.
​
당연히 알아듣지 못했고
따라하지도 못했다.

그러다 2개월쯤 지났을 때,
영어가 음절 단위로 들리고 인지됐다.​

앞에서 말했듯, 듣기가 진짜 개엉망진창이었는데
들으면서 의미 파악이나 
실시간으로 따라하긴 어려워도
음절 단위로 명확하게 들리고 
인지할 수 있게 됐다.​

그리고 또 2개월이 지났을 때,
영어를 듣는게 편안해졌고(*개인적으로 넘 중요)
음절 단위 이상으로 잘 들리고
부분적으로 실시간 따라하기가 가능할 것 같고
종종 들으면서 의미파악도 된다.

물론 나의 영어는 아직 개엉망진창이다.
ㅋㅋㅋㅋㅋㅋㅋㅋㅋㅋㅋㅋㅋㅋㅋㅋㅋㅋ
그러나 이 과정이 꽤 마음에 든다.
내가 원하는 방법으로 나아지고 있음이 분명하니까.​

공부가 본업이었다면, 지금 상황에
어휘나 패턴 공부를 하면 금방 고공상승할 것 같은데
지금은 공부 하기 싫기 때문엨ㅋㅋㅋㅋㅋㅋ
일단은 개엉망진창 영어를 방치하고
좀 더 지켜볼 계획이다.

더 잘 듣고 더 잘 말할 때 까지 말이다.
생각보다 금방 오지 않을까-? ","운동 목표, 영어 대화, 습득 방법, 환경 노출, 듣기 향상, 영상 시청, 음절 인지, 의미 파악, 개인적 만족, 지속 계획","운동 목표, 영어 대화, 습득 방법, 환경 노출, 듣기 향상, 영상 시청, 음절 인지, 의미 파악, 개인적 만족, 지속 계획","운동 목표: 긍정, 영어 대화: 긍정, 습득 방법: 긍정, 환경 노출: 긍정, 듣기 향상: 긍정, 영상 시청: 긍정, 음절 인지: 긍정, 의미 파악: 긍정, 개인적 만족: 긍정, 지속 계획: 긍정",긍정
"안녕하세요. 나나입니다 >_<!!

이런저런 사진들을 많이 찍다보면
사진첩에 사진이 진짜 가득해지는것 같아요.

​나중에 봐야지 하고 정리하기는 하는데
이렇게 한번씩 일상블로그 글을 남기면서
사진첩 정리의 기록을 남겨봅니다.

​아시는분들은 아시겠지만 지난달 1일은 간단한 수술로 시작;;

자궁경으로 용종을 제거했고
1박2일 입원후 바로 다음날 일상 복귀 ㅋㅋ​

수술하기도 했고 아는 오빠가 걱정된다고
집에 피자를 사오셔서 엽떡 시켜서 같이 저녁식사
오빠가 미친피자를 운영하고 있어서
피자랑 떡볶이랑 같이 먹었네요

겨울이 엊그제인것 같은데 벌써 봄이네요.
이제 곧 여름도 금방인것 같아요.

​모임 친구들이 봄꽃 구경을 가서
사진을 잔뜩 보내줬답니다.

​진짜 꽃이 너무 이쁘더라고요.

그다음날 몸은 아직 회복이 안되어서
술을 마실수는 없지만 동네에서 모임한다길래
얼굴비출겸 저녁식사 할겸 나갔다왔어요.
60계치킨 검암연희점 입니다.

나는 당구도 안치는데 왜자꾸 오라고 하냐;;
오빠들 당구칠때 구경하라고 자꾸 불러요.

​아마 제가 보고 싶어서 부르는게 아니라
저를 불러야 부산남자도 같이 당구칠수 있으니까 ㅋㅋ
자꾸 저를 부르는것 같아요.

​저 많은 사람이 전부 모임사람들 이랍니다 ㅋㅋ

​당구장은 두군데 갔는데
한군데는 지도 안나와서 패쓰
가고파당구장을 자주 가는듯

당구치는건 봐도 재미도 없고..
나는 늘지도 않으니까
짜장면이나 먹을때 부르라고 말하고
청라 아지트에가서 오빠들 차키 구경하기;;

다음날, 청라 경복궁 삼계탕
수술한지 얼마 안되었으니까
몸보신겸 맛있는거 먹자고 고모가 불렀는데
며칠전부터 삼계탕이 땡겨서
들깨삼계탕으로 몸보신 했다.​

괜히 여성질환관련 수술을 하니까
미역국이랑 해조류를 듬뿍 먹으면
회복에 좋겠지 싶어서 챙겨먹어주기

30대 여자 일상블로그
수술한지 몇일 안되었지만
회복하다가 벚꽃이 다 지면 속상하니까
늦은밤 벚꽃놀이 하러 출발
대충 샤브작 준비를 하고
부산남자는 대충 츄리닝입고
나갈때 재활용까지 챙겨버리는 꼼꼼함
착하다 착해 >_<

월미도 가서 오늘의 첫끼로
오뎅한꼬치씩 먹고 닭꼬치도 하나씩 먹어주기
박효신 닭꼬치 4천원일땐 그래도 괜찮았는데
치즈닭꼬치 6천원이라 자주먹기엔 너무 비싼듯

청라 우사미
한우불고기 포장하면 가격도 좋고 양도 좋고
45000원의 행복 >_< ​

집에있는 재료들로 간단히 집밥일기
집밥은 가끔 따로 포스팅 하기도 하는데
일상 포스팅 하는김에 한꺼번에 사진정리

​톳이랑 시금치, 계란, 참치만 넣어서
흑미밥 넣어서 돌돌말아 라면이랑 한끼뚝딱

...(생략)","사진첩 정리, 간단한 수술, 일상 복귀, 피자와 떡볶이, 봄꽃 구경, 모임, 당구장, 삼계탕, 벚꽃놀이, 월미도, 닭꼬치, 한우불고기, 집밥","사진첩 정리, 수술, 일상 복귀, 음식, 모임, 당구장, 벚꽃놀이, 월미도, 집밥","사진첩 정리: 긍정, 수술: 중립, 일상 복귀: 긍정, 음식: 긍정, 모임: 긍정, 당구장: 중립, 벚꽃놀이: 긍정, 월미도: 긍정, 집밥: 긍정",긍정
"블로그 시작이 너무너무 힘들었던 평범한 30대 직장인이 일상을 공유해 보려 합니다.
잘 부탁드립니다. :)
평범한 직장인은 겨우 쉬는 주말을 알차게 보려고 발버둥 치거나, 꼼짝하지 않으려고 발버둥 치죠,,ㅎㅎ

다이어트에 진심인 요즘 주말 오전엔 산책 겸 조깅으로 하루를 시작하는데 다이어트 효과도 좋고! 보람찬 기분도 최고!
많은 게 있지만 많은 게 없는 창원은 참 애매하지만 좋은 도시 같아요 ㅋㅋㅋ (전 나름 만족하면서 살고 있습니다만,,ㅎㅎ)
주말 아침엔 풋살을 하거나 가볍게 산책을 하고 짐을 바리바리 싸서 일단 나가봅니다~ :)
주로 향하는 곳은 가로수길이나 도계동 쪽 카페인데!
원래 가려던 카페는 커피 머신의 갑작스런 고장으로....패스....ㅎㅎ 맛있는 디저트를 검색해서 찾아간 이곳!

너무 먹음직스럽지 않나요?!! 맛도 대박!!! 내부도 깔끔하고 사장님도 너무 친절하셔서 하루 온종일 기분이 좋았습니다 ㅎㅎ

오늘의 운세가 좋아서 더 기분이 좋았을지도? ㅎㅎ 
아!! 저 타로카드는 아는 동생이 챙겨온 건데
동생이 요즘 타로에 빠져서 3개월, 6개월에 한 번씩 봐야 정확하다 그랬으면서,,,, 
,,,,매주 내 타로점을 봐주고있다....ㅋㅋㅋㅋㅋㅋㅋ(중독인게 틀림없다.)

외관도 느낌 있던 카페! 너무 만족스러웠습니다! ㅎㅎ 다음엔 혼자 가보고 싶은 곳이네요!! 글이 잘 써질듯한 곳 ㅎㅎ


친구랑 쇼핑하려고 백화점 갔다가 찍은 사진인데 이쁘지 않나요..?? 넘 이쁜데 잘 소화시킬 수 있을지 의문이 들어서 망설이는 중.. ㅠ
하루가 긴 듯하지만, 짧고 주말은 금방 지나가고 월요일은 너무 빨리 돌아오는 평범한 직장인의 평범한 하루였습니다.
첫 글이라 부족한 것 투성이지만.... 다음 글은 좀 더 알차게 써볼게요! ㅎㅎ 

모든 직장인분들 월요팅 입니다! ㅎㅎ","블로그 시작, 주말 산책, 다이어트, 창원, 카페 방문, 타로카드, 쇼핑, 평범한 직장인, 월요팅","블로그 시작, 주말 산책, 다이어트, 창원, 카페 방문, 타로카드, 쇼핑, 직장인 일상","블로그 시작: 긍정, 주말 산책: 긍정, 다이어트: 긍정, 창원: 긍정, 카페 방문: 긍정, 타로카드: 긍정, 쇼핑: 긍정, 직장인 일상: 긍정",긍정
